paid,region,conflict_id,Deaths,conflict_name,incompatibility,year,ended,cease,intarmy,ddr,withd,mil prov,pp,intgov,intciv,elections,interrim,natalks,shagov,pol prov,aut,fed,ind,ref ,shaloc,regdev,cul,demarcation,locgov,terr prov,amn,pris,recon,return ,justice prov,reaffirm,reaffirmid,outlin,pko,gender,co impl,active_conflict,termdur,inclusive,pa type,out_iss
1565,3,333,201053,Afghanistan: Government,2,1992,FALSE,0,0,0,0,0,0,1,0,0,1,0,0,1,0,0,0,0,0,0,0,0,0,0,0,0,0,0,0,0,0,0,0,0,0,1,-99,2,2,2
1128,3,333,201053,Afghanistan: Government,2,1993,TRUE,1,1,0,0,1,0,0,0,1,1,0,0,1,0,0,0,0,0,0,0,0,0,0,0,1,0,1,1,0,0,0,0,0,0,1,-99,2,2,3
1132,3,333,201053,Afghanistan: Government,2,1993,TRUE,1,1,0,0,1,0,0,0,1,1,0,1,1,0,0,0,0,0,0,0,0,0,0,0,0,0,0,0,0,0,0,0,0,0,1,-99,2,2,3
1131,3,333,201053,Afghanistan: Government,2,1996,TRUE,1,1,0,0,1,0,0,0,1,1,1,0,1,0,0,0,0,0,0,0,0,0,0,0,0,0,0,0,0,0,0,0,0,0,1,-99,2,2,4
1488,3,333,201053,Afghanistan: Government,2,2016,FALSE,1,1,0,1,1,1,1,0,1,0,0,0,1,0,0,0,0,0,0,0,0,0,0,1,1,0,0,0,0,0,0,0,1,1,1,-99,2,1,0
1353,4,387,513,Angola: Cabinda,1,2006,FALSE,1,0,1,0,1,0,0,0,0,0,0,0,0,0,0,0,0,1,0,0,0,1,1,1,0,0,0,1,0,0,0,0,1,0,0,2,2,2,2
1021,4,327,30231,Angola: Government,2,1989,TRUE,1,0,0,0,1,0,0,0,0,0,0,0,0,0,0,0,0,0,0,0,0,0,0,0,0,1,0,1,0,0,0,0,0,1,1,-99,1,3,4
1022,4,327,30231,Angola: Government,2,1991,TRUE,1,1,1,0,1,1,0,0,1,0,0,0,1,0,0,0,0,0,0,0,0,0,0,0,1,0,0,1,0,0,0,1,0,0,1,-99,1,2,2
1023,4,327,30231,Angola: Government,2,1994,TRUE,1,1,1,1,1,0,1,0,1,0,0,1,1,0,0,0,0,0,0,0,0,1,1,1,1,1,0,1,1,0,0,1,0,1,1,-99,1,1,0
1126,4,327,30231,Angola: Government,2,2002,FALSE,1,1,1,1,1,0,0,0,0,0,0,0,0,0,0,0,0,0,0,0,0,1,1,1,0,0,0,1,1,0,0,0,1,1,1,-99,1,1,0
1057,3,322,140,Bangladesh: Chittagong Hill Tracts,1,1997,FALSE,0,0,1,0,1,0,0,0,0,0,0,0,0,1,0,0,0,1,0,0,0,1,1,1,1,0,1,1,0,0,0,0,1,1,0,6,1,1,0
1564,1,398,2654,Bosnia-Herzegovina: Croat,1,1993,FALSE,1,1,0,0,1,0,1,0,0,1,0,1,1,0,0,0,0,0,0,0,0,0,0,0,1,0,0,1,1,0,0,0,0,1,1,-99,2,2,1
1072,1,398,2654,Bosnia-Herzegovina: Croat,1,1994,FALSE,0,1,0,1,1,0,0,0,0,0,0,1,1,0,1,0,0,0,0,0,0,0,1,0,0,0,1,1,0,0,0,0,1,0,1,-99,1,2,3
1566,1,398,2654,Bosnia-Herzegovina: Croat,1,1994,FALSE,0,0,0,0,0,0,1,0,1,1,0,1,1,0,1,0,1,0,0,1,1,1,1,0,0,0,1,1,0,0,0,0,1,0,1,-99,2,2,4
1567,1,389,9829,Bosnia-Herzegovina: Serb,1,1994,FALSE,1,0,0,0,1,0,0,0,0,0,0,0,0,0,0,0,0,0,0,0,0,0,0,0,1,0,0,1,0,0,1,0,1,0,1,-99,1,3,2
1568,1,389,9829,Bosnia-Herzegovina: Serb,1,1995,FALSE,0,0,0,0,0,0,0,0,1,0,0,0,1,1,1,0,0,0,0,0,0,0,1,0,0,0,1,1,0,0,0,0,0,1,1,-99,1,2,1
1569,1,389,9829,Bosnia-Herzegovina: Serb,1,1995,FALSE,0,0,0,0,0,0,0,0,1,0,0,1,1,0,0,0,0,0,0,0,0,0,0,0,0,0,0,0,0,0,1,0,0,0,1,-99,1,2,4
1073,1,389,9829,Bosnia-Herzegovina: Serb,1,1995,FALSE,1,0,0,1,1,0,0,0,1,0,0,1,1,1,0,0,0,0,0,1,0,0,1,1,1,0,1,1,1,0,0,1,0,1,1,-99,1,1,3
1570,1,389,9829,"Bosnia-Herzegovina: Serb, Bosnia-Herzegovina: Croat",1,1993,TRUE,1,0,0,0,1,0,1,1,1,1,0,1,1,0,1,0,0,0,1,0,0,1,1,0,0,0,0,0,0,0,1,1,1,1,1,-99,1,1,2
1533,4,287,8851,Burundi: Government,2,1998,FALSE,1,0,0,0,1,0,0,0,0,0,0,0,0,0,0,0,0,0,0,0,0,0,0,0,0,0,0,0,0,0,1,0,1,1,1,-99,2,3,5
1003,4,287,8851,Burundi: Government,2,2000,FALSE,1,1,1,0,1,1,1,0,1,1,0,1,1,0,0,0,0,0,0,0,0,0,0,1,1,1,1,1,0,0,0,1,1,1,1,-99,2,1,0
1065,4,287,8851,Burundi: Government,2,2002,FALSE,1,1,1,1,1,1,1,0,0,1,0,1,1,0,0,0,0,0,0,0,0,0,0,0,1,0,0,1,1,0,1,1,1,1,1,-99,2,2,2
1287,4,287,8851,Burundi: Government,2,2003,FALSE,1,1,1,0,1,1,1,1,0,0,1,1,1,0,0,0,0,0,0,0,0,0,0,0,0,0,0,0,1,0,1,0,0,0,1,-99,2,2,2
1285,4,287,8851,Burundi: Government,2,2003,FALSE,1,1,1,0,1,1,1,0,1,1,1,0,1,0,0,0,0,0,0,0,0,0,0,1,0,0,0,1,1,0,0,0,0,1,1,-99,2,2,2
1489,4,287,8851,Burundi: Government,2,2003,FALSE,0,1,1,0,1,0,0,0,0,0,0,1,0,0,0,0,0,0,0,0,0,0,0,0,0,0,0,0,1,0,0,0,0,0,1,-99,2,2,1
1099,4,287,8851,Burundi: Government,2,2003,FALSE,1,1,1,1,1,1,1,1,1,1,1,1,1,0,0,0,0,0,0,0,0,0,0,1,1,1,1,1,1,0,0,1,0,1,1,-99,2,1,0
1532,4,287,8851,Burundi: Government,2,2004,FALSE,0,0,0,0,0,0,0,0,1,0,0,1,1,0,0,0,0,0,0,0,0,1,1,0,0,0,0,0,1,0,0,0,1,0,1,-99,2,2,1
1335,4,287,8851,Burundi: Government,2,2006,FALSE,1,0,0,0,1,1,0,0,0,0,0,0,1,0,0,0,0,0,0,0,0,0,0,1,1,1,1,1,0,0,0,0,0,1,1,-99,1,3,4
1336,4,287,8851,Burundi: Government,2,2006,FALSE,1,1,1,1,1,0,0,0,0,0,0,0,0,0,0,0,0,0,0,0,0,0,0,1,1,0,0,1,0,0,0,0,1,1,1,-99,1,2,0
1490,4,287,8851,Burundi: Government,2,2008,FALSE,1,0,0,0,1,0,0,0,0,0,0,0,0,0,0,0,0,0,0,0,0,0,0,0,0,0,0,0,1,0,0,0,0,0,1,-99,1,2,1
1491,4,287,8851,Burundi: Government,2,2008,FALSE,1,1,1,0,1,1,1,1,0,0,0,0,1,0,0,0,0,0,0,0,0,0,0,0,0,0,0,0,1,0,0,0,0,0,1,-99,1,2,1
1386,4,287,8851,Burundi: Government,2,2008,FALSE,0,0,1,0,1,1,1,0,0,0,0,0,1,0,0,0,0,0,0,0,0,0,0,0,1,0,0,1,0,0,0,0,0,0,1,-99,1,1,1
1113,3,300,4312,Cambodia (Kampuchea): Government,2,1991,FALSE,1,1,1,1,1,1,0,0,1,0,0,0,1,0,0,0,0,0,0,0,0,0,0,0,1,1,1,1,0,0,0,1,1,1,1,-99,1,1,0
1571,3,300,4312,Cambodia (Kampuchea): Government,2,1991,FALSE,0,0,0,0,0,0,0,0,1,0,0,1,1,0,0,0,0,0,0,0,0,0,0,0,0,0,0,0,1,0,0,0,0,0,1,-99,1,1,2
1333,4,405,70,Cameroon - Nigeria,1,2006,FALSE,0,0,0,1,1,0,0,0,0,0,0,0,0,0,0,0,0,0,0,1,1,0,1,0,0,0,0,0,0,0,0,0,0,1,0,10,1,1,0
1358,4,416,1010,Central African Republic: Government,2,2007,TRUE,1,1,0,0,1,0,1,0,0,0,0,0,1,0,0,0,0,0,0,0,0,0,0,0,1,0,1,1,0,0,0,0,0,1,0,1,1,2,1
1355,4,416,1010,Central African Republic: Government,2,2007,TRUE,1,1,1,0,1,0,0,0,0,0,1,0,1,0,0,0,0,0,0,0,0,0,0,1,1,0,0,1,0,0,0,0,0,0,0,1,1,3,3
1373,4,416,1010,Central African Republic: Government,2,2008,TRUE,1,0,1,0,1,0,0,0,0,0,1,0,1,0,0,0,0,0,0,0,0,0,0,1,1,0,0,1,0,0,0,0,1,1,0,2,1,3,4
1433,4,416,1010,Central African Republic: Government,2,2011,FALSE,1,1,1,0,1,0,0,0,0,0,0,0,0,0,0,0,0,0,0,0,0,0,0,0,0,0,0,0,0,0,0,0,0,0,1,-99,2,2,2
1493,4,416,1010,Central African Republic: Government,2,2011,TRUE,1,0,0,0,1,0,0,0,0,0,0,0,0,0,0,0,0,0,0,0,0,0,0,0,0,0,0,0,1,0,0,0,0,1,1,-99,1,2,3
1454,4,416,1010,Central African Republic: Government,2,2012,FALSE,0,0,0,0,0,0,0,0,0,0,0,0,0,0,0,0,0,0,0,0,0,0,0,0,0,0,0,0,1,0,0,0,0,0,1,-99,2,1,0
1469,4,416,1010,Central African Republic: Government,2,2013,TRUE,1,0,1,0,1,0,0,0,0,0,0,0,0,0,0,0,0,0,0,0,0,0,0,0,0,0,0,0,1,0,0,0,1,0,1,-99,1,2,1
1494,4,416,1010,Central African Republic: Government,2,2013,TRUE,1,0,1,0,1,0,0,0,0,0,0,0,0,0,0,0,0,0,0,0,0,0,0,0,1,0,1,1,0,0,0,0,0,1,1,-99,1,2,1
1497,4,416,1010,Central African Republic: Government,2,2015,FALSE,0,1,1,1,1,0,0,0,0,0,0,0,0,0,0,0,0,0,0,0,0,0,0,0,0,0,0,0,0,0,0,0,1,1,0,2,1,2,1
1486,4,416,1010,Central African Republic: Government,2,2015,FALSE,1,0,1,1,1,0,0,0,1,0,0,0,1,0,0,0,0,1,1,0,0,1,1,0,0,1,1,1,1,0,0,0,1,0,0,2,1,1,0
1498,4,416,1010,Central African Republic: Government,2,2017,FALSE,1,0,0,0,1,1,1,0,0,0,0,0,1,0,0,0,0,0,0,0,0,0,0,0,0,0,0,0,0,0,0,0,0,0,0,4,2,1,0
1420,4,361,N/A,Chad - Libya,1,1989,FALSE,1,0,0,1,1,0,0,0,0,0,0,0,0,0,0,0,0,0,0,0,0,0,0,0,1,0,0,1,0,0,1,0,0,1,0,2,1,3,2
1421,4,361,N/A,Chad - Libya,1,1994,FALSE,1,0,0,1,1,0,0,0,0,0,0,0,0,0,0,0,0,0,0,0,1,0,1,0,0,0,0,0,0,0,0,0,0,1,0,7,1,1,0
1405,4,349,N/A,Chad - Nigeria,1,1983,FALSE,1,0,0,0,1,0,0,0,0,0,0,0,0,0,0,0,0,0,0,0,1,0,1,0,1,0,0,1,0,0,1,0,0,1,1,-99,1,2,3
1427,4,288,7659,Chad: Government,2,1978,TRUE,1,0,0,0,1,0,0,0,0,0,0,0,0,0,0,0,0,0,0,0,0,0,0,1,1,0,0,1,0,0,0,0,0,0,1,-99,2,1,0
1426,4,288,7659,Chad: Government,2,1978,TRUE,0,0,0,0,0,0,0,0,0,0,0,0,0,0,0,0,0,0,0,0,0,0,0,0,0,0,0,0,0,0,0,0,0,0,1,-99,2,1,0
1428,4,288,7659,Chad: Government,2,1979,TRUE,1,0,0,0,1,0,0,0,0,1,0,0,1,0,0,0,0,0,0,0,0,0,0,1,1,0,0,1,0,0,0,1,0,0,1,-99,1,1,0
1042,4,288,7659,Chad: Government,2,1992,TRUE,1,1,0,0,1,1,0,1,0,0,0,0,1,0,0,0,0,0,0,0,0,0,0,1,0,0,1,1,0,0,0,0,0,0,1,-99,2,2,0
1043,4,288,7659,Chad: Government,2,1993,TRUE,1,1,0,0,1,1,0,1,0,0,0,0,1,0,0,0,0,0,0,0,0,0,0,0,0,0,0,0,0,0,0,0,0,1,1,-99,2,1,0
1044,4,288,7659,Chad: Government,2,1994,TRUE,1,1,0,0,1,1,0,0,1,0,0,0,1,0,0,0,0,0,0,0,0,0,0,1,0,0,0,1,0,0,0,0,0,1,1,-99,2,2,2
1116,4,288,7659,Chad: Government,2,1994,TRUE,1,1,0,0,1,0,0,1,0,0,0,0,1,0,0,0,0,0,0,0,0,0,0,0,1,0,0,1,0,0,0,0,0,0,1,-99,2,2,0
1117,4,288,7659,Chad: Government,2,1995,FALSE,1,1,1,0,1,0,0,1,0,0,0,0,1,0,0,0,0,0,0,0,0,0,0,0,1,0,0,1,0,0,0,0,0,0,0,1,2,1,0
1045,4,288,7659,Chad: Government,2,1997,FALSE,0,1,0,0,1,1,0,1,0,0,0,0,1,0,0,0,0,0,0,0,0,0,0,1,0,0,1,1,0,0,0,0,0,0,1,-99,2,2,0
1046,4,288,7659,Chad: Government,2,1998,FALSE,1,1,0,0,1,1,0,1,0,0,0,0,1,0,0,0,0,0,0,0,0,0,0,1,0,1,0,1,1,0,0,0,0,0,1,-99,2,1,0
1118,4,288,7659,Chad: Government,2,1999,FALSE,1,1,1,0,1,0,0,1,0,0,0,0,1,0,0,0,0,0,0,0,0,0,0,1,0,0,0,1,0,0,0,0,0,0,1,-99,2,1,0
1049,4,288,7659,Chad: Government,2,2002,TRUE,1,1,0,0,1,0,1,1,0,0,0,0,1,0,0,0,0,0,0,0,0,0,0,1,1,0,0,1,0,0,0,0,0,1,1,-99,2,1,0
1274,4,288,7659,Chad: Government,2,2005,FALSE,1,1,0,0,1,1,0,1,0,0,0,0,1,0,0,0,0,0,0,0,0,0,0,0,1,0,0,1,0,0,0,0,0,0,1,-99,2,1,0
1338,4,288,7659,Chad: Government,2,2006,FALSE,1,0,0,0,1,0,1,0,0,0,0,0,1,0,0,0,0,0,0,0,0,0,0,1,1,0,0,1,0,0,0,0,0,0,1,-99,2,1,0
1499,4,288,7659,Chad: Government,2,2007,TRUE,1,1,1,0,1,1,1,0,0,0,0,0,1,0,0,0,0,0,0,0,0,0,0,1,1,0,0,1,0,0,0,0,0,1,1,-99,1,2,3
1501,5,289,19835,Colombia: Government,2,1984,TRUE,1,0,0,0,1,0,0,0,0,0,1,0,1,0,0,0,0,0,0,0,0,0,0,0,0,0,0,0,0,0,0,0,0,1,1,-99,2,3,4
1502,5,289,19835,Colombia: Government,2,1990,FALSE,0,0,1,0,1,0,1,0,1,0,0,1,1,0,0,0,1,0,0,0,0,0,1,1,0,0,0,1,0,0,0,0,0,1,1,-99,2,3,1
1572,5,289,19835,Colombia: Government,2,1990,FALSE,0,0,0,0,0,0,0,1,0,0,0,0,0,0,0,0,0,0,0,0,0,0,0,0,0,0,0,0,0,0,1,0,0,1,1,-99,2,2,2
1573,5,289,19835,Colombia: Government,2,1990,FALSE,0,0,0,0,0,0,0,0,0,0,0,0,0,0,0,0,0,0,1,0,0,0,1,0,0,0,0,0,0,0,1,0,0,0,1,-99,2,3,2
1574,5,289,19835,Colombia: Government,2,1990,FALSE,0,0,0,0,0,0,0,0,0,0,0,0,0,0,0,0,0,0,1,0,0,0,1,0,0,0,0,0,1,0,0,0,0,1,1,-99,2,3,2
1575,5,289,19835,Colombia: Government,2,1991,FALSE,0,0,1,0,1,0,1,0,0,0,0,0,1,0,0,0,0,0,0,0,0,0,0,0,0,0,0,0,0,0,0,0,0,0,1,-99,2,2,2
1079,5,289,19835,Colombia: Government,2,1991,FALSE,0,0,1,0,1,1,1,0,0,0,0,0,1,0,0,0,0,0,0,0,0,0,0,1,0,0,0,1,0,0,1,0,0,0,1,-99,2,1,0
1503,5,289,19835,Colombia: Government,2,1991,TRUE,0,0,0,0,0,0,0,0,0,0,0,0,0,0,0,0,0,0,0,0,0,0,0,0,0,0,0,0,0,0,1,0,0,0,1,-99,1,3,4
1505,5,289,19835,Colombia: Government,2,1998,TRUE,0,0,0,0,0,0,0,0,0,0,1,0,1,0,0,0,0,0,0,0,0,0,0,0,0,0,0,0,0,0,1,0,0,0,1,-99,2,3,2
1329,5,289,19835,Colombia: Government,2,1999,TRUE,0,0,0,0,0,0,0,0,0,0,0,0,0,0,0,0,0,0,0,0,0,0,0,0,0,0,0,0,0,0,1,0,0,0,1,-99,2,3,5
1578,5,289,19835,Colombia: Government,2,2000,TRUE,0,0,0,0,0,0,0,0,0,0,0,0,0,0,0,0,0,0,0,0,0,0,0,0,0,0,0,0,0,0,1,0,0,0,1,-99,2,3,5
1122,5,289,19835,Colombia: Government,2,2001,TRUE,0,0,0,0,0,0,0,0,0,0,0,0,0,0,0,0,0,0,0,0,0,0,0,0,1,0,0,1,0,0,1,0,0,1,1,-99,2,3,4
1328,5,289,19835,Colombia: Government,2,2001,TRUE,0,0,0,0,0,0,0,0,0,0,1,0,1,0,0,0,0,0,0,0,0,0,0,0,0,0,0,0,0,0,1,0,0,0,1,-99,2,3,4
1120,5,289,19835,Colombia: Government,2,2002,TRUE,0,0,0,0,0,0,0,0,0,0,0,0,0,0,0,0,0,0,0,0,0,0,0,0,0,0,0,0,1,0,1,0,0,0,1,-99,2,3,2
1447,5,289,19835,Colombia: Government,2,2012,FALSE,0,0,0,0,0,0,0,0,0,0,0,0,0,0,0,0,0,0,0,0,0,0,0,0,0,0,0,0,0,0,1,0,1,0,1,-99,2,3,4
1579,5,289,19835,Colombia: Government,2,2013,FALSE,0,0,0,0,0,0,0,0,0,0,0,0,0,0,0,0,0,0,1,0,0,0,1,0,0,0,0,0,0,0,0,0,0,0,1,-99,2,2,1
1506,5,289,19835,Colombia: Government,2,2013,FALSE,0,0,0,0,0,1,0,0,1,0,0,1,1,0,0,0,0,0,0,0,0,0,0,0,0,1,0,1,0,0,1,0,1,1,1,-99,2,2,1
1507,5,289,19835,Colombia: Government,2,2014,FALSE,0,0,0,0,0,0,0,0,0,0,0,0,0,0,0,0,0,1,1,0,0,1,1,0,0,0,0,0,0,0,0,0,1,0,1,-99,2,2,1
1580,5,289,19835,Colombia: Government,2,2015,FALSE,0,0,0,0,0,1,0,0,0,0,0,0,1,0,0,0,0,0,0,0,0,0,0,1,0,0,0,1,1,0,0,0,1,1,1,-99,2,2,1
1581,5,289,19835,Colombia: Government,2,2015,FALSE,0,0,0,0,0,0,0,0,0,0,0,0,0,0,0,0,0,0,1,1,0,0,1,1,1,1,1,1,0,0,1,0,1,1,1,-99,2,2,1
1508,5,289,19835,Colombia: Government,2,2016,FALSE,1,0,1,0,1,0,0,0,0,0,0,0,0,0,0,0,0,0,0,0,0,0,0,0,0,0,0,0,1,0,0,0,1,1,1,-99,2,2,1
1487,5,289,19835,Colombia: Government,2,2016,FALSE,1,0,1,0,1,1,1,0,1,0,0,1,1,0,0,0,0,0,1,1,0,1,1,1,1,1,1,1,1,0,1,0,1,1,1,-99,2,1,0
1576,4,407,56,Comoros: Anjouan,1,1997,TRUE,0,0,0,0,0,0,0,0,0,0,0,0,0,0,0,0,0,0,0,0,0,0,0,0,0,0,0,0,0,0,1,0,0,1,1,-99,1,3,4
1024,4,407,56,Comoros: Anjouan,1,2000,TRUE,0,0,0,0,0,0,0,0,0,0,0,0,0,1,1,0,0,0,0,0,0,0,1,0,0,0,0,0,0,0,1,0,0,0,0,3,1,2,3
1025,4,407,56,Comoros: Anjouan,1,2001,FALSE,0,0,1,0,1,0,0,0,0,0,0,0,0,1,0,0,1,0,0,0,0,0,1,0,0,0,0,0,0,0,0,0,0,0,0,4,1,2,3
1127,4,407,56,Comoros: Anjouan,1,2003,FALSE,0,0,0,0,0,0,0,0,1,0,0,1,1,0,1,0,0,0,0,0,0,0,1,0,0,0,0,0,1,0,0,1,0,1,0,6,1,1,0
1614,4,408,14303,Congo: Government,2,1999,FALSE,1,1,1,0,1,0,0,1,0,0,0,0,0,0,0,0,0,0,0,0,0,0,0,1,1,1,1,1,0,0,1,0,0,1,1,-99,1,2,1
1026,4,408,14303,Congo: Government,2,1999,FALSE,1,1,1,0,1,0,0,1,0,0,1,0,1,0,0,0,0,0,0,0,0,0,0,1,1,0,1,1,0,0,1,0,0,1,1,-99,1,2,4
1582,4,408,14303,Congo: Government,2,2003,FALSE,0,1,1,0,1,0,0,0,1,0,0,0,1,0,0,0,0,0,0,0,0,0,0,1,0,0,0,1,1,0,0,0,0,1,0,1,1,2,0
1074,1,390,1329,Croatia: Serb,1,1995,FALSE,0,0,0,0,0,0,0,0,1,1,0,0,1,0,0,0,0,0,0,0,0,1,1,0,0,0,1,1,0,0,0,1,0,0,1,-99,1,1,0
1432,4,435,35,Djibouti - Eritrea,1,2010,FALSE,0,0,0,0,0,0,0,0,0,0,0,0,0,0,0,0,0,0,0,0,1,0,1,0,1,0,0,1,0,0,0,0,0,1,0,2,1,2,2
1009,4,379,312,Djibouti: Government,2,1994,FALSE,1,1,1,0,1,1,0,1,1,0,0,0,1,0,0,0,0,0,0,0,0,1,1,1,0,1,1,1,0,0,0,0,0,0,1,-99,2,1,0
1010,4,379,312,Djibouti: Government,2,2000,FALSE,1,1,1,0,1,0,0,1,1,0,0,0,1,1,0,0,0,0,0,0,0,1,1,1,1,0,1,1,0,0,0,0,0,0,0,1,1,1,4
1146,4,379,312,Djibouti: Government,2,2001,FALSE,1,1,1,0,1,1,0,0,0,0,0,0,1,0,0,0,0,0,0,0,0,1,1,0,1,0,1,1,1,0,0,0,0,0,0,2,2,1,0
1004,4,283,21448,DR Congo (Zaire): Government,2,1999,TRUE,1,1,0,1,1,0,0,0,0,0,1,0,1,0,0,0,0,0,0,0,0,0,0,0,1,1,0,1,0,0,1,1,1,1,1,-99,1,2,5
1288,4,283,21448,DR Congo (Zaire): Government,2,2001,FALSE,1,1,0,0,1,0,0,0,1,0,1,0,1,0,0,0,0,0,0,0,0,0,0,0,0,1,0,1,1,0,1,0,0,0,1,-99,1,2,1
1291,4,283,21448,DR Congo (Zaire): Government,2,2002,FALSE,0,1,0,0,1,0,1,0,1,1,0,1,1,0,0,0,0,0,0,0,0,0,0,0,0,1,0,1,0,0,0,0,0,0,0,1,2,2,1
1005,4,283,21448,DR Congo (Zaire): Government,2,2002,FALSE,1,1,0,1,1,0,1,0,1,1,0,1,1,0,0,0,0,0,0,0,0,0,0,1,0,1,0,1,0,0,0,0,1,1,0,1,1,1,0
1289,4,283,21448,DR Congo (Zaire): Government,2,2003,FALSE,0,0,0,0,0,0,1,0,1,1,0,1,1,0,0,0,0,0,0,1,0,0,1,1,0,1,0,1,1,0,0,0,1,0,0,2,1,1,2
1290,4,283,21448,DR Congo (Zaire): Government,2,2003,FALSE,1,1,1,1,1,0,0,0,1,1,0,0,1,0,0,0,0,0,0,0,0,0,0,0,0,1,0,1,1,0,0,1,1,0,0,2,1,1,0
1384,4,283,21448,DR Congo (Zaire): Government,2,2009,FALSE,0,1,0,0,1,1,0,0,0,0,0,0,1,0,0,0,0,0,0,0,0,0,0,1,1,1,1,1,0,0,0,0,1,1,0,1,1,1,0
1468,4,283,21448,DR Congo (Zaire): Government,2,2013,TRUE,0,0,0,0,0,0,0,0,0,0,0,0,0,0,0,0,0,0,0,0,0,0,0,0,0,0,0,0,0,0,1,0,0,0,1,-99,2,3,5
1125,5,403,99,Ecuador - Peru,1,1998,FALSE,1,0,0,0,1,0,0,0,0,0,0,0,0,0,0,0,0,0,0,0,1,0,1,0,0,0,0,0,0,0,0,0,0,1,0,3,1,1,0
1583,5,403,99,Ecuador - Peru,1,1998,FALSE,0,0,0,0,0,0,0,0,0,0,0,0,0,0,0,0,0,0,1,1,0,0,1,0,0,0,0,0,1,0,0,0,0,1,0,3,1,2,1
1102,5,316,5864,El Salvador: Government,2,1990,FALSE,0,0,0,0,0,0,0,0,0,0,0,0,0,0,0,0,0,0,0,0,0,0,0,0,0,0,0,0,0,0,1,0,0,0,1,-99,1,3,1
1103,5,316,5864,El Salvador: Government,2,1990,FALSE,0,0,0,0,0,0,0,0,0,0,0,0,0,0,0,0,0,0,0,0,0,0,0,0,0,0,0,0,0,0,1,0,0,0,1,-99,1,3,1
1104,5,316,5864,El Salvador: Government,2,1990,FALSE,0,0,0,0,0,0,0,0,0,0,0,0,0,0,0,0,0,0,0,0,0,0,0,0,1,0,1,1,1,0,0,0,0,0,1,-99,1,2,1
1105,5,316,5864,El Salvador: Government,2,1991,FALSE,0,0,0,0,0,0,0,0,1,0,0,0,1,0,0,0,0,0,0,0,0,0,0,0,0,1,0,1,1,0,0,0,0,0,1,-99,1,2,1
1106,5,316,5864,El Salvador: Government,2,1991,FALSE,0,0,0,0,0,0,0,0,0,1,0,0,1,0,0,0,0,0,0,0,0,0,0,0,0,0,0,0,0,0,0,0,0,1,1,-99,1,2,1
1107,5,316,5864,El Salvador: Government,2,1991,FALSE,0,0,0,0,0,0,0,0,0,0,0,0,0,0,0,0,0,0,0,0,0,0,0,0,0,0,0,0,0,0,1,0,0,0,1,-99,1,2,1
1108,5,316,5864,El Salvador: Government,2,1991,FALSE,1,0,0,0,1,0,0,0,0,0,0,0,0,0,0,0,0,0,0,0,0,0,0,0,0,0,0,0,0,0,0,0,0,0,1,-99,1,2,1
1109,5,316,5864,El Salvador: Government,2,1992,FALSE,0,0,0,0,0,0,0,0,0,0,0,0,0,0,0,0,0,0,0,0,0,0,0,0,0,0,0,0,1,0,0,0,0,0,0,1,1,2,1
1110,5,316,5864,El Salvador: Government,2,1992,FALSE,1,0,1,0,1,1,0,0,1,0,0,0,1,0,0,0,0,0,0,0,0,0,0,0,1,1,1,1,1,0,0,0,1,1,0,1,1,1,0
1591,5,316,5864,El Salvador: Government,2,1992,FALSE,0,0,1,0,1,1,0,0,0,0,0,0,1,0,0,0,0,0,0,0,0,0,0,0,0,0,0,0,0,0,0,1,0,0,0,1,1,2,0
1593,5,316,5864,El Salvador: Government,2,1993,FALSE,0,0,0,0,0,0,0,0,0,0,0,0,0,0,0,0,0,0,0,0,0,0,0,0,0,0,0,0,0,0,0,0,0,0,0,2,1,2,0
1592,5,316,5864,El Salvador: Government,2,1994,FALSE,0,0,1,0,1,0,0,0,0,0,0,0,0,0,0,0,0,0,0,0,0,0,0,0,0,0,0,0,1,0,1,0,1,0,0,3,1,2,0
1594,5,316,5864,El Salvador: Government,2,1994,FALSE,0,0,0,0,0,0,0,0,0,0,0,0,0,0,0,0,0,0,0,0,0,0,0,0,0,0,0,0,1,0,1,1,0,1,0,3,1,2,0
1511,4,409,98217,Eritrea - Ethiopia,1,2000,FALSE,1,0,0,0,1,0,0,0,0,0,0,0,0,0,0,0,0,0,0,0,0,0,0,0,0,0,1,1,0,0,0,1,0,1,1,-99,2,2,1
1008,4,409,98217,Eritrea - Ethiopia,1,2000,FALSE,1,0,0,0,1,0,0,0,0,0,0,0,0,0,0,0,0,0,0,0,1,0,1,0,1,0,0,1,0,0,0,0,0,0,1,-99,1,2,3
1620,4,409,98217,Eritrea - Ethiopia,1,2018,FALSE,1,0,0,0,1,0,0,0,0,0,0,0,0,0,0,0,0,0,0,0,1,0,1,0,0,0,0,0,0,0,0,0,0,0,0,2,1,1,0
1619,4,409,98217,Eritrea - Ethiopia,1,2018,FALSE,1,0,0,0,1,0,0,0,0,0,0,0,0,0,0,0,0,0,0,0,1,0,1,0,0,0,0,0,1,0,0,0,0,1,0,2,1,1,0
1621,4,329,1548,Ethiopia: Ogaden,1,2018,FALSE,1,0,0,0,1,0,0,0,0,0,1,0,0,0,0,0,0,0,0,0,0,0,0,0,0,0,0,0,0,0,1,0,0,0,0,2,1,3,4
1596,1,392,2180,Georgia: Abkhazia,1,1992,FALSE,1,0,1,0,1,0,0,0,1,0,0,0,1,0,0,0,0,0,0,0,0,0,0,0,1,0,1,1,0,0,0,0,0,1,1,-99,1,2,1
1597,1,392,2180,Georgia: Abkhazia,1,1993,FALSE,1,0,0,0,1,0,0,0,0,0,0,0,0,0,0,0,0,0,0,0,0,0,0,0,1,0,1,1,0,0,1,1,0,0,1,-99,1,2,4
1598,1,392,2180,Georgia: Abkhazia,1,1994,FALSE,0,0,0,0,0,0,0,0,0,0,0,0,0,0,0,0,0,0,1,0,0,0,1,0,0,0,1,1,0,0,1,1,0,1,0,1,1,2,4
1130,1,392,2180,Georgia: Abkhazia,1,1994,FALSE,1,0,0,0,1,0,0,0,0,0,0,0,0,1,0,0,0,0,0,1,0,0,1,0,0,0,1,1,0,0,0,1,0,0,0,1,1,2,3
1082,5,233,439,Guatemala: Government,2,1990,FALSE,0,0,0,0,0,0,0,0,0,0,0,0,0,0,0,0,0,0,0,0,0,0,0,0,0,0,0,0,0,0,1,0,0,0,1,-99,1,3,1
1083,5,233,439,Guatemala: Government,2,1991,FALSE,0,0,0,0,0,0,0,0,0,0,0,0,0,0,0,0,0,0,0,0,0,0,0,0,0,0,0,0,0,0,1,0,0,0,1,-99,1,2,1
1084,5,233,439,Guatemala: Government,2,1991,FALSE,0,0,0,0,0,0,0,0,1,0,0,0,1,0,0,0,0,0,0,0,0,0,0,0,0,0,1,1,0,0,1,0,0,0,1,-99,1,2,1
1085,5,233,439,Guatemala: Government,2,1994,FALSE,0,0,0,0,0,0,0,0,0,0,0,0,0,0,0,0,0,0,0,0,0,0,0,0,0,0,0,0,0,0,1,0,0,1,1,-99,1,2,1
1086,5,233,439,Guatemala: Government,2,1994,FALSE,0,0,0,0,0,0,0,0,0,0,0,0,0,0,0,0,0,0,0,0,0,0,0,0,0,0,0,0,0,0,1,0,0,0,1,-99,1,2,1
1087,5,233,439,Guatemala: Government,2,1994,FALSE,0,0,0,0,0,0,0,0,0,0,0,0,0,0,0,0,0,0,0,0,0,0,0,0,0,0,0,0,0,0,0,0,0,1,1,-99,1,2,1
1088,5,233,439,Guatemala: Government,2,1994,FALSE,0,0,0,0,0,0,0,0,0,0,0,0,0,0,0,0,0,0,0,0,0,0,0,0,0,0,1,1,0,0,0,0,1,0,1,-99,1,2,1
1089,5,233,439,Guatemala: Government,2,1994,FALSE,0,0,0,0,0,0,0,0,0,0,0,0,0,0,0,0,0,0,0,0,0,0,0,0,0,0,0,0,0,0,0,0,0,1,1,-99,1,2,1
1090,5,233,439,Guatemala: Government,2,1995,FALSE,0,0,0,0,0,0,0,0,0,0,0,0,0,0,0,0,0,0,0,0,0,1,1,0,0,0,0,0,0,0,0,0,1,1,1,-99,1,2,1
1091,5,233,439,Guatemala: Government,2,1996,FALSE,0,0,0,0,0,0,0,0,0,0,0,0,0,0,0,0,0,0,0,0,0,1,1,0,0,0,0,0,0,0,0,0,1,1,0,1,1,2,1
1092,5,233,439,Guatemala: Government,2,1996,FALSE,0,0,1,0,1,0,0,0,0,0,0,0,0,0,0,0,0,0,0,0,0,1,1,0,0,1,0,1,0,0,0,0,1,0,0,1,1,2,1
1093,5,233,439,Guatemala: Government,2,1996,FALSE,1,0,1,0,1,0,0,0,0,0,0,0,0,0,0,0,0,0,0,0,0,0,0,0,0,0,0,0,0,0,0,0,0,1,0,1,1,2,1
1094,5,233,439,Guatemala: Government,2,1996,FALSE,0,0,0,0,0,0,0,0,1,0,0,0,1,0,0,0,0,0,0,0,0,0,0,0,0,0,0,0,0,0,0,0,0,1,0,1,1,2,1
1095,5,233,439,Guatemala: Government,2,1996,FALSE,0,0,1,0,1,1,0,0,0,0,0,0,1,0,0,0,0,0,0,0,0,0,0,0,0,1,0,1,0,0,0,0,1,1,0,1,1,2,1
1081,5,233,439,Guatemala: Government,2,1996,FALSE,0,0,0,0,0,0,0,0,1,0,0,0,1,0,0,0,0,0,0,0,0,0,0,0,0,1,1,1,1,0,0,0,1,0,0,1,1,1,0
1097,5,233,439,Guatemala: Government,2,1996,FALSE,1,0,1,0,1,0,0,0,1,0,0,0,1,0,0,0,0,0,0,0,0,0,0,0,0,0,1,1,0,0,0,0,1,1,0,1,1,2,1
1019,4,410,704,Guinea-Bissau: Government,2,1998,TRUE,1,0,0,1,1,0,1,0,1,0,0,0,1,0,0,0,0,0,0,0,0,0,0,0,0,0,0,0,0,0,0,1,0,0,1,-99,1,1,0
1599,4,410,704,Guinea-Bissau: Government,2,1998,TRUE,0,0,0,0,0,0,1,0,0,0,0,0,1,0,0,0,0,0,0,0,0,0,0,0,0,0,0,0,1,0,0,0,0,0,1,-99,1,2,0
1066,5,381,415,Haiti: Government,2,1993,TRUE,0,0,0,0,0,0,1,0,0,0,0,0,1,0,0,0,0,0,0,0,0,0,0,1,0,1,0,1,0,0,1,0,0,1,0,2,2,3,5
1512,3,218,1925,India - Pakistan,1,1999,FALSE,0,0,0,0,0,0,0,0,0,0,0,0,0,0,0,0,0,0,0,0,0,0,0,0,0,0,0,0,0,0,0,0,0,0,1,-99,1,3,2
1513,3,218,1925,India - Pakistan,1,1999,FALSE,0,0,0,0,0,0,0,0,0,0,0,0,0,0,0,0,0,0,0,0,0,0,0,0,0,0,0,0,0,0,1,0,0,0,1,-99,1,2,2
1071,3,421,851,India: Bodoland,1,1993,FALSE,0,0,1,0,1,0,0,0,0,0,0,0,0,1,0,0,0,1,0,1,0,1,1,1,0,0,0,1,0,0,0,0,0,0,0,3,2,1,0
1514,3,251,496,India: Nagaland,1,2015,FALSE,1,0,0,0,1,0,0,0,0,0,0,0,0,0,0,0,0,1,0,1,0,0,1,0,0,0,0,0,0,0,0,0,0,0,0,15,1,2,1
1423,3,335,600,India: Tripura,1,1988,FALSE,1,0,1,0,1,0,0,0,0,0,0,0,0,0,0,0,0,1,1,1,0,1,1,0,0,0,0,0,0,0,0,0,0,0,1,-99,1,1,0
1121,3,335,600,India: Tripura,1,1993,TRUE,1,0,1,1,1,0,0,0,0,0,0,0,0,0,0,0,0,1,1,1,0,0,1,0,0,0,0,0,0,0,0,0,0,0,0,1,2,1,0
1600,3,366,3402,Indonesia: Aceh,1,2002,TRUE,0,0,0,0,0,0,0,0,0,0,0,0,0,0,0,0,0,0,0,0,0,0,0,0,0,0,0,0,0,0,1,0,0,0,1,-99,-1,3,5
1111,3,366,3402,Indonesia: Aceh,1,2002,TRUE,1,0,1,0,1,0,0,0,0,0,0,0,0,0,0,0,0,0,0,0,0,1,1,0,0,0,0,0,0,0,0,0,1,0,1,-99,1,2,4
1276,3,366,3402,Indonesia: Aceh,1,2005,FALSE,1,0,1,0,1,0,0,0,1,0,0,0,1,0,0,0,0,0,0,1,0,1,1,1,1,1,0,1,0,0,0,0,0,1,1,-99,1,1,0
1406,2,324,N/A,Iran - Iraq,3,1975,TRUE,1,0,0,0,1,0,0,0,0,0,0,0,0,0,0,0,0,0,0,0,1,0,1,0,0,0,0,0,0,0,1,0,0,1,0,1,1,2,1
1407,2,324,N/A,Iran - Iraq,3,1975,TRUE,0,0,0,0,0,0,0,0,0,0,0,0,0,0,0,0,0,0,0,0,1,0,1,0,0,0,0,0,0,0,1,0,0,1,0,1,1,3,1
1408,2,324,N/A,Iran - Iraq,3,1975,TRUE,1,0,0,0,1,0,0,0,0,0,0,0,0,0,0,0,0,0,0,0,1,0,1,0,0,0,0,0,0,0,0,0,0,0,0,1,1,2,1
1409,2,324,N/A,Iran - Iraq,3,1975,TRUE,0,0,0,0,0,0,0,0,0,0,0,0,0,0,0,0,0,0,0,0,1,0,1,0,0,0,0,0,0,0,1,0,0,0,0,1,1,2,1
1410,2,324,N/A,Iran - Iraq,3,1975,TRUE,1,0,0,0,1,0,0,0,0,0,0,0,0,0,0,0,0,0,0,0,1,0,1,0,0,0,0,0,1,0,0,0,0,1,0,1,1,2,1
1411,2,324,N/A,Iran - Iraq,3,1975,TRUE,0,0,0,0,0,0,0,0,0,0,0,0,0,0,0,0,0,0,0,0,1,0,1,0,0,0,0,0,0,0,0,0,0,0,0,1,1,2,1
1412,2,324,N/A,Iran - Iraq,3,1975,TRUE,0,0,0,0,0,0,0,0,0,0,0,0,0,0,0,0,0,0,0,0,1,0,1,0,0,0,0,0,1,0,0,0,0,0,0,1,1,2,1
1413,2,324,N/A,Iran - Iraq,3,1975,TRUE,0,0,0,0,0,0,0,0,0,0,0,0,0,0,0,0,0,0,0,0,1,0,1,0,0,0,0,0,0,0,0,0,0,1,0,1,1,2,1
1414,2,324,N/A,Iran - Iraq,3,1975,TRUE,0,0,0,0,0,0,0,0,0,0,0,0,0,0,0,0,0,0,0,0,1,0,1,0,0,0,0,0,0,0,0,0,0,0,0,1,1,2,1
1415,2,324,N/A,Iran - Iraq,3,1975,TRUE,0,0,0,0,0,0,0,0,0,0,0,0,0,0,0,0,0,0,0,0,1,0,1,0,0,0,0,0,0,0,1,0,0,0,0,1,1,2,1
1416,2,324,N/A,Iran - Iraq,3,1975,TRUE,0,0,0,0,0,0,0,0,0,0,0,0,0,0,0,0,0,0,0,0,1,0,1,0,0,0,0,0,0,0,0,0,0,0,0,1,1,2,1
1417,2,324,N/A,Iran - Iraq,3,1975,TRUE,0,0,0,0,0,0,0,0,0,0,0,0,0,0,0,0,0,0,0,0,1,0,1,0,0,0,0,0,0,0,0,0,0,0,0,1,1,2,1
1133,2,234,6407,Israel: Palestine,1,1993,TRUE,0,0,0,0,0,0,0,0,0,0,0,0,0,0,0,0,0,0,1,0,0,1,1,0,0,0,0,0,0,0,1,0,0,0,1,-99,2,2,2
1134,2,234,6407,Israel: Palestine,1,1994,TRUE,0,0,0,0,0,0,0,0,0,0,0,0,0,0,0,0,0,0,0,1,0,1,1,0,0,0,0,0,0,0,1,0,1,0,1,-99,2,2,2
1135,2,234,6407,Israel: Palestine,1,1994,TRUE,0,0,0,0,0,0,0,0,0,0,0,0,0,0,0,0,0,0,0,0,0,1,1,0,0,0,0,0,1,0,0,0,1,0,1,-99,2,2,2
1515,2,234,6407,Israel: Palestine,1,1995,TRUE,0,0,0,0,0,0,0,0,1,0,0,0,1,0,0,0,0,0,1,0,0,1,1,0,0,0,0,0,1,0,0,0,0,0,1,-99,2,2,2
1136,2,234,6407,Israel: Palestine,1,1995,TRUE,0,0,0,0,0,0,0,0,1,0,0,1,1,1,0,0,0,1,1,1,0,1,1,0,1,0,0,1,0,0,1,0,1,1,1,-99,2,2,1
1137,2,234,6407,Israel: Palestine,1,1997,TRUE,0,0,0,0,0,0,0,0,0,0,0,0,0,1,0,0,0,0,0,0,0,0,1,0,1,0,0,1,1,0,0,0,0,0,0,1,2,2,2
1138,2,234,6407,Israel: Palestine,1,1998,TRUE,0,0,0,0,0,0,0,0,0,0,0,0,0,1,0,0,0,0,0,0,0,0,1,0,1,0,0,1,1,0,1,0,0,0,0,2,2,2,2
1140,2,234,6407,Israel: Palestine,1,1999,TRUE,0,0,0,0,0,0,0,0,0,0,0,0,0,1,0,0,0,0,0,0,0,0,1,0,1,0,0,1,1,0,1,0,0,0,0,3,2,2,2
1354,2,234,6407,Israel: Palestine,1,2007,TRUE,0,0,0,0,0,0,0,0,0,0,0,0,0,0,0,0,0,0,0,0,0,0,0,0,0,0,0,0,0,0,1,0,0,0,1,-99,2,3,3
1139,4,419,930,Ivory Coast: Government,2,2003,TRUE,1,0,1,1,1,0,0,0,1,1,0,0,1,0,0,0,0,0,0,0,0,0,0,1,1,0,0,1,0,0,0,1,1,1,1,-99,1,2,3
1292,4,419,930,Ivory Coast: Government,2,2003,TRUE,1,0,0,0,1,0,1,0,1,1,0,1,1,0,0,0,0,0,0,0,0,0,0,0,1,1,0,1,1,0,0,0,0,0,1,-99,1,2,3
1283,4,419,930,Ivory Coast: Government,2,2004,TRUE,0,0,1,0,1,0,0,0,0,0,0,0,0,0,0,0,0,0,0,0,0,0,0,0,0,0,0,0,1,0,0,0,0,0,1,-99,1,1,0
1273,4,419,930,Ivory Coast: Government,2,2005,FALSE,1,0,1,0,1,0,0,0,1,0,0,0,1,0,0,0,0,0,0,0,0,0,0,0,0,1,0,1,1,0,0,0,0,0,0,1,1,1,0
1608,4,419,930,Ivory Coast: Government,2,2005,FALSE,0,0,1,0,1,0,0,0,1,0,0,0,1,0,0,0,0,0,0,0,0,0,0,0,0,0,0,0,1,0,1,0,0,1,0,1,1,2,1
1359,4,419,930,Ivory Coast: Government,2,2007,FALSE,1,1,1,0,1,0,0,0,1,0,0,0,1,0,0,0,0,0,0,0,0,0,0,1,0,0,1,1,1,0,0,1,1,1,0,3,1,1,0
1360,4,419,930,Ivory Coast: Government,2,2007,FALSE,0,0,0,0,0,0,0,0,0,0,0,0,0,0,0,0,0,0,0,0,0,0,0,0,0,0,0,0,0,0,0,0,0,0,0,3,1,2,0
1361,4,419,930,Ivory Coast: Government,2,2007,FALSE,0,0,0,0,0,0,0,0,0,0,0,0,0,0,0,0,0,0,0,0,0,0,0,0,0,0,0,0,1,0,0,0,0,0,0,3,1,2,0
1362,4,419,930,Ivory Coast: Government,2,2007,FALSE,0,0,1,0,1,0,0,0,1,0,0,0,1,0,0,0,0,0,0,0,0,0,0,0,0,0,0,0,1,0,0,0,0,0,0,3,1,2,0
1376,4,419,930,Ivory Coast: Government,2,2008,FALSE,0,0,1,0,1,0,0,0,1,0,0,0,1,0,0,0,0,0,0,0,0,0,0,0,0,0,0,0,1,0,0,0,0,0,0,4,1,2,0
1301,4,341,3051,Liberia: Government,2,1990,FALSE,1,0,1,0,1,0,0,0,1,1,0,0,1,0,0,0,0,0,0,0,0,0,0,0,1,0,0,1,1,0,0,1,0,0,1,-99,2,3,4
1075,4,341,3051,Liberia: Government,2,1990,TRUE,1,0,0,0,1,0,0,0,1,1,0,0,1,0,0,0,0,0,0,0,0,0,0,0,0,0,0,0,0,0,0,1,0,0,1,-99,1,3,4
1100,4,341,3051,Liberia: Government,2,1990,TRUE,1,0,1,0,1,0,0,0,0,1,1,0,1,0,0,0,0,0,0,0,0,0,0,0,0,0,1,1,0,0,0,0,0,0,1,-99,1,3,4
1014,4,341,3051,Liberia: Government,2,1991,TRUE,1,0,1,0,1,0,0,0,0,1,0,0,1,0,0,0,0,0,0,0,0,0,0,0,1,0,0,1,0,0,0,0,0,0,0,1,1,2,4
1062,4,341,3051,Liberia: Government,2,1991,TRUE,1,0,1,0,1,0,0,0,1,0,0,0,1,0,0,0,0,0,0,0,0,0,0,0,0,0,0,0,0,0,0,0,0,0,0,1,2,2,3
1300,4,341,3051,Liberia: Government,2,1992,TRUE,0,0,1,0,1,0,0,0,0,0,0,0,0,0,0,0,0,0,0,0,0,0,0,0,0,0,0,0,0,1,0,0,0,1,0,2,1,2,1
1015,4,341,3051,Liberia: Government,2,1993,TRUE,1,0,1,0,1,0,0,0,1,1,0,0,1,0,0,0,0,0,0,0,0,0,0,1,1,0,1,1,1,0,0,1,1,0,0,3,1,2,3
1016,4,341,3051,Liberia: Government,2,1994,TRUE,1,0,1,0,1,0,0,0,1,1,0,0,1,0,0,0,0,0,0,0,0,0,0,1,1,0,1,1,1,0,0,1,0,0,0,4,1,2,3
1299,4,341,3051,Liberia: Government,2,1994,FALSE,1,0,1,0,1,1,1,0,1,1,0,0,1,0,0,0,0,0,0,0,0,0,0,0,0,0,0,0,1,0,0,1,0,1,0,4,2,2,1
1017,4,341,3051,Liberia: Government,2,1995,TRUE,1,0,1,0,1,0,0,0,1,1,0,0,1,0,0,0,0,0,0,0,0,0,0,1,1,0,1,1,1,0,0,1,0,0,0,5,1,2,3
1018,4,341,3051,Liberia: Government,2,1996,FALSE,1,0,1,0,1,0,0,0,1,1,0,0,1,0,0,0,0,0,0,0,0,0,0,1,1,0,1,1,1,0,0,1,0,0,0,6,1,2,3
1141,4,341,3051,Liberia: Government,2,2003,FALSE,1,0,1,0,1,0,0,0,1,1,0,0,1,0,0,0,0,0,0,0,0,0,0,0,0,1,0,1,0,0,0,1,0,1,1,-99,1,3,5
1101,4,341,3051,Liberia: Government,2,2003,FALSE,1,1,1,0,1,0,0,0,1,1,0,0,1,0,0,0,0,0,0,0,0,0,0,1,1,1,1,1,1,0,0,1,1,1,1,-99,1,1,3
1098,1,417,75,"Macedonia, FYR: Government",2,2001,FALSE,1,0,0,0,1,0,0,0,1,0,0,0,1,0,0,0,0,0,0,1,0,1,1,0,0,0,1,1,0,0,0,0,0,1,1,-99,1,1,0
1039,4,372,1127,Mali: Azawad,1,1991,TRUE,1,1,1,0,1,0,0,0,0,0,0,0,0,0,0,0,0,0,1,1,0,1,1,1,1,0,0,1,0,0,0,0,0,1,0,1,2,2,2
1041,4,372,1127,Mali: Azawad,1,1991,TRUE,1,0,0,0,1,0,0,0,0,0,0,0,0,0,0,0,0,0,0,0,0,0,0,0,1,0,0,1,0,0,1,0,0,0,0,1,2,3,4
1040,4,372,1127,Mali: Azawad,1,1992,TRUE,1,1,0,0,1,0,1,0,0,0,0,1,1,0,0,0,0,0,1,0,0,1,1,0,0,1,1,1,0,0,0,0,1,1,0,2,2,1,0
1609,4,372,1127,Mali: Azawad,1,2013,TRUE,1,0,1,0,1,0,0,0,1,0,1,0,1,0,0,0,0,0,0,0,0,0,0,0,1,0,1,1,0,0,1,0,1,1,0,1,2,1,2
1517,4,372,1127,Mali: Azawad,1,2015,FALSE,1,1,0,0,1,0,0,0,0,0,0,0,0,0,0,0,0,0,1,0,0,0,1,0,0,0,1,1,0,0,1,0,0,1,1,-99,2,3,2
30,4,372,1127,Mali: Azawad,1,2015,FALSE,0,1,1,0,1,0,0,0,1,0,1,1,1,0,0,0,0,0,1,1,0,1,1,0,0,1,1,1,0,0,0,1,1,1,1,-99,1,1,0
1403,4,428,N/A,Mauritania: Sahrawi Arab Democratic Republic (Western Sahara),1,1979,FALSE,0,0,0,1,1,0,0,0,0,0,0,0,0,0,0,0,0,0,0,0,0,0,0,0,0,0,0,0,0,0,0,0,0,0,0,1,1,1,0
1610,5,400,208,Mexico: Government,2,1995,TRUE,0,0,0,0,0,0,0,0,0,0,1,0,1,0,0,0,0,0,0,0,0,0,0,0,0,0,0,0,0,0,0,0,1,0,0,1,1,3,5
1070,5,400,208,Mexico: Government,2,1996,TRUE,0,0,0,0,0,0,0,0,0,0,0,0,0,0,0,0,0,0,0,1,0,1,1,0,0,0,0,0,0,0,1,0,1,0,0,2,2,3,5
1615,5,400,208,Mexico: Government,2,1996,TRUE,0,0,0,0,0,0,0,0,0,0,0,0,0,1,0,0,0,1,1,1,0,1,1,0,0,0,0,0,0,0,0,0,1,0,0,2,2,2,1
1616,5,400,208,Mexico: Government,2,1996,TRUE,0,0,0,0,0,0,0,0,1,0,0,1,1,0,1,0,0,1,0,1,0,1,1,0,0,0,0,0,0,0,0,0,1,0,0,2,2,2,1
1617,5,400,208,Mexico: Government,2,1996,TRUE,0,0,0,0,0,0,0,0,1,0,0,0,1,0,1,0,0,0,1,1,0,1,1,0,0,0,0,0,0,0,0,0,1,0,0,2,2,2,1
1618,5,400,208,Mexico: Government,2,1996,TRUE,0,0,0,0,0,0,0,0,1,0,0,0,1,0,0,0,0,1,0,1,0,1,1,0,0,0,0,0,0,0,0,0,1,0,0,2,2,2,1
1123,1,394,585,Moldova: Dniestr,1,1997,FALSE,1,0,0,0,1,0,0,0,0,0,0,0,0,0,0,0,0,0,0,0,0,1,1,0,0,0,0,0,0,0,1,0,0,0,0,5,1,2,3
1391,4,332,4502,Mozambique: Government,2,1984,TRUE,1,0,0,0,1,0,0,0,0,0,0,0,0,0,0,0,0,0,0,0,0,0,0,0,0,0,0,0,0,0,0,0,0,0,1,-99,1,3,3
1308,4,332,4502,Mozambique: Government,2,1991,FALSE,0,0,0,0,0,0,0,0,0,0,0,0,0,0,0,0,0,0,0,0,0,0,0,0,0,0,0,0,0,0,1,0,0,0,1,-99,1,3,5
1302,4,332,4502,Mozambique: Government,2,1991,FALSE,1,0,0,0,1,0,0,0,0,0,0,0,0,0,0,0,0,0,0,0,0,0,0,0,0,0,0,0,0,0,1,0,0,1,1,-99,1,3,1
1303,4,332,4502,Mozambique: Government,2,1991,FALSE,0,0,0,0,0,1,0,0,0,0,0,0,1,0,0,0,0,0,0,0,0,0,0,0,0,0,0,0,0,0,0,0,1,0,1,-99,1,2,1
1306,4,332,4502,Mozambique: Government,2,1992,FALSE,0,0,0,0,0,0,0,0,1,0,0,0,1,0,0,0,0,0,0,0,0,0,0,0,0,0,1,1,0,0,0,0,0,0,1,-99,1,2,1
1307,4,332,4502,Mozambique: Government,2,1992,FALSE,0,0,0,0,0,0,0,0,0,0,0,0,0,0,0,0,0,0,0,0,0,0,0,0,0,0,0,0,1,0,1,0,0,0,1,-99,1,3,2
1020,4,332,4502,Mozambique: Government,2,1992,TRUE,1,1,1,1,1,1,0,0,1,1,0,0,1,0,0,0,0,0,0,0,0,0,0,0,1,0,1,1,1,0,0,1,1,1,1,-99,1,1,0
1613,3,221,4551,Myanmar (Burma): Karen,1,2011,FALSE,0,0,0,0,0,0,0,0,0,0,0,0,0,0,0,0,0,0,1,0,0,0,1,0,0,0,0,0,0,0,1,0,0,0,1,-99,2,3,1
1611,3,"221, 264",N/A,"Myanmar (Burma): Karen, Myanmar (Burma): Shan",1,2015,FALSE,0,0,0,0,0,0,0,0,0,0,0,0,0,0,0,0,0,0,0,0,0,0,0,0,0,0,0,0,0,0,0,0,0,0,1,-99,2,3,1
1624,3,224,214,Myanmar (Burma): Mon,1,2018,FALSE,1,0,0,0,0,0,0,0,0,0,1,1,1,0,0,0,0,0,1,1,0,0,1,0,1,0,1,0,0,0,1,0,1,1,0,22,2,3,4
1518,3,422,155,Myanmar (Burma): Wa,1,2012,FALSE,0,0,0,0,0,0,0,0,0,0,0,0,0,0,0,0,0,0,1,0,0,0,1,0,0,0,0,0,0,0,1,0,0,0,0,15,2,3,3
1438,3,269,9924,Nepal: Government,2,2006,FALSE,1,0,0,0,1,0,0,0,0,0,1,0,1,0,0,0,0,0,0,0,0,0,0,0,1,0,1,1,1,0,1,0,0,1,1,-99,1,3,1
1437,3,269,9924,Nepal: Government,2,2006,FALSE,1,0,0,0,1,0,0,0,1,1,0,0,1,0,0,0,0,0,0,0,0,0,0,0,0,0,0,0,1,0,1,0,1,0,1,-99,1,2,1
1436,3,269,9924,Nepal: Government,2,2006,FALSE,1,0,1,0,1,0,1,0,0,1,0,0,1,0,0,0,0,0,0,0,0,0,0,0,1,1,0,1,1,0,1,0,1,1,1,-99,1,2,1
1337,3,269,9924,Nepal: Government,2,2006,FALSE,1,0,1,0,1,0,0,0,1,0,0,0,1,0,0,0,0,0,0,0,0,0,0,0,1,1,0,1,1,0,0,0,1,0,1,-99,1,1,0
1520,3,269,9924,Nepal: Government,2,2011,FALSE,0,1,0,0,1,0,0,0,0,0,0,0,0,0,0,0,0,0,0,0,0,0,0,0,0,1,0,1,1,0,0,0,0,0,0,5,1,2,2
1521,5,336,565,Nicaragua: Government,2,1988,TRUE,1,0,0,0,1,0,0,0,1,0,1,0,1,0,0,0,0,0,0,0,0,0,0,1,0,0,1,1,0,0,1,0,0,1,1,-99,1,2,4
1522,5,336,565,Nicaragua: Government,2,1990,FALSE,0,0,1,0,0,1,0,1,0,0,0,0,1,0,0,0,0,0,0,0,0,0,0,0,0,0,0,0,0,0,0,0,1,0,1,-99,1,2,1
1037,4,373,52,Niger: Air and Azawad,1,1994,FALSE,1,0,0,0,1,0,0,0,0,0,0,0,0,0,0,0,0,0,0,0,0,1,1,0,0,0,1,1,0,0,1,0,0,1,1,-99,2,2,1
1038,4,373,52,Niger: Air and Azawad,1,1995,FALSE,1,1,1,0,1,0,1,0,0,0,0,0,1,0,0,0,0,0,1,0,0,1,1,1,0,1,1,1,0,0,0,0,0,1,0,1,2,1,0
1036,4,430,268,Niger: Government,2,1993,TRUE,1,0,1,0,1,0,0,0,0,0,0,0,0,0,0,0,0,0,1,0,0,0,1,0,0,0,1,1,0,0,1,0,0,0,0,1,2,2,4
1563,4,430,268,Niger: Government,2,1997,FALSE,1,1,1,0,1,0,0,1,0,0,0,0,1,0,0,0,0,0,0,0,0,0,0,1,1,0,0,1,0,0,0,0,0,1,1,-99,1,2,1
1557,3,369,299,Papua New Guinea: Bougainville,1,1990,TRUE,0,0,0,0,0,0,0,0,0,0,0,0,0,0,0,0,0,0,0,0,0,0,0,0,0,0,0,0,0,0,1,0,0,0,1,-99,1,3,5
1076,3,369,299,Papua New Guinea: Bougainville,1,1991,TRUE,1,0,1,0,1,0,0,0,0,0,0,0,0,0,0,0,0,0,0,0,0,0,0,1,1,0,0,1,0,0,1,0,0,1,0,1,1,3,4
1078,3,369,299,Papua New Guinea: Bougainville,1,1994,TRUE,1,0,0,0,1,0,0,0,0,0,0,0,0,0,0,0,0,0,0,0,0,0,0,0,0,0,0,0,0,0,1,1,0,0,1,-99,1,3,5
1558,3,369,299,Papua New Guinea: Bougainville,1,1998,FALSE,1,0,1,0,1,0,0,0,1,0,0,0,1,0,0,0,0,0,1,0,0,0,1,1,1,1,0,1,0,0,1,0,0,0,0,2,1,2,4
1559,3,369,299,Papua New Guinea: Bougainville,1,1999,FALSE,0,0,0,0,0,0,0,0,0,0,0,0,0,0,0,0,0,0,0,0,0,0,0,0,0,0,0,0,0,0,0,0,0,0,0,3,1,2,4
1560,3,369,299,Papua New Guinea: Bougainville,1,1999,FALSE,0,0,0,0,0,0,0,0,0,0,0,0,0,0,0,0,0,0,0,0,0,0,0,0,0,0,0,0,0,0,1,0,0,0,0,3,1,3,5
1561,3,369,299,Papua New Guinea: Bougainville,1,2000,FALSE,0,0,0,0,0,0,0,0,0,1,0,0,1,1,0,0,0,0,1,0,0,0,1,0,0,0,0,0,1,0,1,0,0,0,0,4,1,2,5
1562,3,369,299,Papua New Guinea: Bougainville,1,2000,FALSE,0,0,0,0,0,0,0,0,0,0,0,0,0,0,0,0,0,0,0,0,0,0,0,0,0,0,0,0,1,0,1,0,0,0,0,4,1,3,5
1080,3,369,299,Papua New Guinea: Bougainville,1,2001,FALSE,1,0,1,0,1,0,0,0,0,1,0,0,1,1,0,0,1,0,0,0,0,0,1,1,0,1,0,1,1,0,0,1,1,0,0,5,1,1,0
1058,3,209,8104,Philippines: Government,2,1995,FALSE,1,1,1,0,1,0,0,0,0,0,0,0,0,0,0,0,0,0,0,0,0,0,0,1,0,0,0,1,0,0,1,0,0,0,1,-99,2,3,4
1422,3,308,8118,Philippines: Mindanao,1,1976,TRUE,1,0,0,0,1,0,1,1,0,0,0,1,1,1,0,0,0,0,0,1,0,1,1,1,1,0,1,1,0,0,1,0,0,1,1,-99,1,2,2
1424,3,308,8118,Philippines: Mindanao,1,1987,TRUE,1,0,0,0,1,0,0,0,0,0,0,0,0,1,0,0,0,0,1,0,0,0,1,0,0,0,0,0,0,0,1,0,0,0,1,-99,1,3,5
1524,3,308,8118,Philippines: Mindanao,1,1993,FALSE,0,0,0,0,0,0,0,0,0,0,0,0,0,0,0,0,0,0,0,0,0,0,0,0,0,0,0,0,1,0,1,0,0,0,1,-99,2,3,4
1064,3,308,8118,Philippines: Mindanao,1,1996,FALSE,0,1,1,0,1,0,0,0,0,0,0,0,0,0,0,0,1,0,0,1,0,0,1,0,0,0,0,0,1,0,0,0,1,0,1,-99,2,1,0
1332,3,308,8118,Philippines: Mindanao,1,2001,FALSE,1,0,0,0,1,0,0,0,0,0,0,0,0,0,0,0,0,0,0,0,0,0,0,0,0,0,1,1,1,0,1,0,0,1,1,-99,2,3,2
1526,3,308,8118,Philippines: Mindanao,1,2005,FALSE,0,0,0,0,0,0,0,0,0,0,0,0,0,0,0,0,0,0,0,0,1,0,1,0,0,0,0,0,0,0,1,0,0,0,1,-99,2,2,2
1527,3,308,8118,Philippines: Mindanao,1,2006,FALSE,0,0,0,0,0,0,0,0,0,0,0,0,0,0,0,0,0,0,0,0,0,0,0,0,0,0,0,0,0,0,1,0,0,0,1,-99,2,3,1
1528,3,308,8118,Philippines: Mindanao,1,2006,FALSE,0,0,0,0,0,0,0,0,0,0,0,0,0,0,0,0,0,0,0,0,0,1,1,0,0,0,0,0,0,0,0,0,0,0,1,-99,2,2,1
1529,3,308,8118,Philippines: Mindanao,1,2006,FALSE,0,0,0,0,0,0,0,0,0,0,0,0,0,0,0,0,0,0,1,0,1,0,1,0,0,0,0,0,0,0,0,0,0,1,1,-99,2,2,1
1530,3,308,8118,Philippines: Mindanao,1,2012,FALSE,0,0,0,0,0,0,0,0,0,0,0,0,0,1,0,0,0,0,0,0,0,1,1,0,0,0,0,0,0,0,0,0,1,1,1,-99,2,2,1
1439,3,308,8118,Philippines: Mindanao,1,2012,FALSE,0,0,1,0,1,0,0,0,1,1,0,0,1,1,0,0,0,0,1,1,1,1,1,0,0,0,0,0,0,0,1,0,1,1,1,-99,2,2,1
1470,3,308,8118,Philippines: Mindanao,1,2013,TRUE,0,0,0,0,0,0,0,0,0,1,0,0,1,0,0,0,1,0,0,0,0,0,1,0,0,0,0,0,1,0,0,0,0,1,1,-99,2,2,1
1471,3,308,8118,Philippines: Mindanao,1,2013,TRUE,0,0,0,0,0,0,0,0,0,0,0,0,0,0,0,0,0,0,1,0,0,0,1,0,0,0,0,0,1,0,0,0,1,0,1,-99,2,2,1
1472,3,308,8118,Philippines: Mindanao,1,2013,TRUE,0,0,0,0,0,0,0,0,1,0,0,1,1,0,0,0,0,1,1,1,0,1,1,0,0,0,0,0,1,0,0,0,1,0,1,-99,2,2,1
1476,3,308,8118,Philippines: Mindanao,1,2014,TRUE,0,0,1,0,0,1,0,0,0,0,0,0,0,0,0,0,0,0,1,0,0,0,1,1,1,1,0,1,1,0,0,0,1,1,1,-99,2,2,1
1478,3,308,8118,Philippines: Mindanao,1,2014,TRUE,0,0,0,0,0,0,0,0,0,0,0,0,0,0,0,0,0,0,0,0,1,1,1,0,0,0,0,0,1,0,0,0,0,0,1,-99,2,2,1
1477,3,308,8118,Philippines: Mindanao,1,2014,FALSE,0,0,0,0,0,0,0,0,0,0,0,0,0,0,0,0,0,0,0,0,0,0,0,0,0,0,0,0,1,0,0,0,0,0,1,-99,2,1,0
1320,4,374,9609,Rwanda: Government,2,1991,TRUE,1,1,0,1,1,0,0,0,0,1,0,0,1,0,0,0,0,0,0,0,0,0,0,0,1,0,0,1,0,0,1,0,0,1,1,-99,1,3,5
1321,4,374,9609,Rwanda: Government,2,1992,TRUE,0,0,0,0,0,0,0,0,1,1,0,0,1,0,0,0,0,0,0,0,0,0,0,0,0,0,1,1,0,0,0,0,1,0,1,-99,1,2,1
1523,4,374,9609,Rwanda: Government,2,1992,TRUE,0,0,0,0,0,1,0,0,1,1,1,0,1,0,0,0,0,0,1,0,0,0,1,0,0,1,1,1,1,0,0,0,0,1,1,-99,1,2,1
1322,4,374,9609,Rwanda: Government,2,1993,TRUE,0,0,0,0,0,0,0,0,1,1,0,1,1,0,0,0,0,0,0,0,0,0,0,0,0,1,1,1,0,0,0,0,1,0,1,-99,1,2,1
1323,4,374,9609,Rwanda: Government,2,1993,TRUE,0,0,0,0,0,0,0,0,0,1,0,0,1,0,0,0,0,0,0,0,0,0,0,0,0,1,0,1,0,0,0,1,1,0,1,-99,1,2,1
1324,4,374,9609,Rwanda: Government,2,1993,TRUE,0,1,1,0,1,0,0,0,0,0,0,0,0,0,0,0,0,0,1,0,0,0,1,0,0,0,0,0,0,0,0,0,1,0,1,-99,1,2,1
1325,4,374,9609,Rwanda: Government,2,1993,TRUE,0,0,0,0,0,0,0,0,0,0,0,0,0,0,0,0,0,0,0,0,0,0,0,0,0,0,0,0,0,0,0,0,1,0,1,-99,1,2,1
1002,4,374,9609,Rwanda: Government,2,1993,TRUE,1,1,1,1,1,1,0,0,1,1,0,1,1,0,0,0,0,0,0,0,0,0,0,0,1,1,1,1,0,0,0,1,0,1,1,-99,1,1,0
1284,4,375,1489,Senegal: Casamance,1,2004,TRUE,1,1,1,0,1,0,0,0,0,0,0,0,0,0,0,0,0,0,1,0,0,0,1,1,0,1,1,1,0,0,1,0,0,0,0,1,1,3,4
1069,1,384,64,Serbia (Yugoslavia): Slovenia,1,1991,FALSE,1,0,0,0,1,0,0,0,0,0,0,0,0,0,0,0,0,0,0,0,0,0,0,0,1,0,0,1,0,0,1,0,0,1,1,-99,1,3,4
1011,4,382,11473,Sierra Leone: Government,2,1996,TRUE,1,1,1,0,1,1,0,0,1,0,0,0,1,0,0,0,0,0,0,0,0,0,0,1,1,0,0,1,0,0,0,0,1,1,1,-99,1,1,0
1013,4,382,11473,Sierra Leone: Government,2,1999,TRUE,1,1,1,1,1,1,1,0,1,0,0,1,1,0,0,0,0,0,0,0,0,0,0,1,1,1,1,1,0,0,0,1,1,1,1,-99,2,1,0
1143,4,382,11473,Sierra Leone: Government,2,2000,FALSE,1,1,1,1,1,1,1,0,1,0,0,1,1,0,0,0,0,0,0,0,0,0,0,1,1,1,1,1,1,0,0,1,0,1,1,-99,2,1,0
1050,4,337,34233,Somalia: Government,2,1993,TRUE,1,0,1,0,1,0,1,0,0,0,0,1,1,0,0,0,0,0,0,0,0,0,0,0,0,1,0,1,1,0,0,1,1,0,1,-99,2,2,2
1142,4,337,34233,Somalia: Government,2,1994,TRUE,1,0,0,0,1,0,0,0,0,0,1,0,1,0,0,0,0,0,0,0,0,1,1,0,0,1,0,1,0,0,0,0,0,0,1,-99,2,3,5
1060,4,337,34233,Somalia: Government,2,1997,TRUE,1,0,0,0,1,0,0,0,1,1,1,0,1,0,1,0,0,0,0,0,0,0,1,0,0,1,0,1,0,0,0,0,0,0,0,1,2,2,5
1374,4,337,34233,Somalia: Government,2,2008,FALSE,1,0,0,0,1,0,0,0,0,0,0,0,0,0,0,0,0,0,0,0,0,0,0,0,0,0,0,0,0,0,1,1,0,1,1,-99,2,3,3
1556,4,337,34233,Somalia: Government,2,2008,FALSE,0,0,0,0,0,0,0,0,0,0,0,0,0,0,0,0,0,0,0,0,0,0,0,0,0,0,0,0,1,0,0,0,0,0,1,-99,2,2,2
1385,4,337,34233,Somalia: Government,2,2008,FALSE,0,0,0,0,0,0,1,0,0,0,0,0,1,0,0,0,0,0,0,0,0,0,0,0,0,0,0,0,0,0,0,0,1,0,1,-99,2,2,3
1393,4,345,N/A,South Africa: Government,2,1990,FALSE,0,0,0,0,0,0,0,0,0,0,0,0,0,0,0,0,0,0,0,0,0,0,0,0,0,0,0,0,0,0,1,0,0,0,0,2,1,3,4
1394,4,345,N/A,South Africa: Government,2,1990,FALSE,1,0,0,0,1,0,0,0,0,0,0,0,0,0,0,0,0,0,0,0,0,0,0,0,0,0,0,0,0,0,1,0,0,0,0,2,1,3,4
1395,4,345,N/A,South Africa: Government,2,1991,FALSE,0,0,0,0,0,0,0,0,0,0,0,0,0,0,0,0,0,0,0,0,0,0,0,0,0,0,0,0,0,0,1,0,1,0,0,3,1,3,4
1396,4,345,N/A,South Africa: Government,2,1992,FALSE,0,0,0,0,0,0,0,0,0,1,0,0,1,0,0,0,0,0,0,0,0,0,0,0,0,0,0,0,0,0,1,0,0,0,0,4,1,2,1
1397,4,345,N/A,South Africa: Government,2,1993,FALSE,1,1,0,0,1,0,0,0,1,1,0,0,1,0,0,0,0,0,0,1,0,0,1,1,0,1,0,1,0,0,0,0,1,0,0,5,1,1,2
1389,4,298,N/A,South Africa: Namibia,1,1978,TRUE,1,0,0,1,1,0,0,0,1,0,0,0,1,0,0,1,0,0,0,0,0,0,1,0,1,0,1,1,0,0,0,0,0,0,1,-99,1,3,2
1444,4,11348,368,South Sudan - Sudan,1,2012,FALSE,0,0,0,0,0,0,0,0,0,0,0,0,0,0,0,0,0,0,0,0,0,0,0,0,0,0,0,0,1,0,0,0,0,0,1,-99,1,2,1
1456,4,11348,368,South Sudan - Sudan,1,2012,FALSE,0,0,0,0,0,0,0,0,0,0,0,0,0,0,0,0,0,0,1,0,1,0,1,0,0,0,0,0,0,0,0,0,0,1,1,-99,1,2,1
1457,4,11348,368,South Sudan - Sudan,1,2012,FALSE,0,0,0,0,0,0,0,0,0,0,0,0,0,0,0,0,0,0,0,0,0,0,0,0,0,0,0,0,0,0,0,0,0,1,1,-99,1,2,1
1531,4,11348,368,South Sudan - Sudan,1,2013,FALSE,0,0,0,0,0,0,0,0,0,0,0,0,0,0,0,0,0,0,1,1,1,1,1,0,0,0,0,0,1,0,1,0,0,1,0,1,1,2,1
31,4,11345,5195,South Sudan: Government,2,2012,FALSE,1,1,1,0,1,0,1,1,0,0,0,0,1,0,0,0,0,0,1,0,0,0,1,1,1,1,0,1,0,0,0,1,0,1,1,-99,2,1,0
1480,4,11345,5195,South Sudan: Government,2,2014,FALSE,1,1,0,0,1,0,0,1,0,0,0,0,1,0,0,0,0,1,1,0,1,1,1,0,0,0,0,0,0,0,0,0,1,1,1,-99,2,1,0
1482,4,11345,5195,South Sudan: Government,2,2014,FALSE,1,0,0,0,1,0,0,0,0,1,1,0,1,0,0,0,0,0,0,0,0,0,0,0,0,0,0,0,0,0,1,0,0,0,1,-99,2,3,4
1484,4,11345,5195,South Sudan: Government,2,2014,TRUE,0,0,0,0,0,0,0,0,0,0,0,0,0,0,0,0,0,0,0,0,0,0,0,0,0,0,0,0,0,0,1,0,0,0,1,-99,2,3,5
24,4,11345,5195,South Sudan: Government,2,2015,TRUE,0,0,0,0,0,0,0,0,0,0,0,1,1,0,0,0,0,0,0,0,0,1,1,0,0,1,0,1,0,0,0,0,1,1,1,-99,2,2,2
28,4,11345,5195,South Sudan: Government,2,2015,TRUE,1,0,0,0,1,0,0,0,0,0,0,1,1,0,0,0,0,0,0,0,0,0,0,0,0,1,1,1,0,0,0,0,0,1,1,-99,2,2,4
29,4,11345,5195,South Sudan: Government,2,2015,TRUE,1,1,1,1,1,0,1,0,1,1,1,1,1,0,0,0,0,0,1,1,0,1,1,0,1,1,1,1,0,0,0,0,1,1,1,-99,2,1,0
1625,4,11345,5195,South Sudan: Government,2,2018,FALSE,1,1,1,1,1,0,1,0,1,1,0,1,1,0,1,0,0,1,1,0,0,1,1,0,1,1,1,1,1,0,0,0,1,1,1,-99,2,2,3
1425,2,320,N/A,South Yemen - Yemen (North Yemen),3,1979,FALSE,0,0,0,0,0,0,0,0,1,0,0,0,1,0,0,0,1,0,0,0,0,0,1,0,0,0,0,0,1,0,1,0,0,0,1,-99,1,2,2
1534,2,320,N/A,South Yemen - Yemen (North Yemen),3,1990,FALSE,0,0,0,0,0,0,0,0,0,1,0,1,1,0,0,0,0,0,0,1,0,0,1,0,0,0,0,0,0,0,0,0,0,0,0,11,1,1,2
1404,4,309,49356,Sudan: Government,2,1988,TRUE,1,0,0,0,1,0,0,0,0,0,1,0,1,0,0,0,0,0,0,0,0,0,0,0,0,0,0,0,0,0,0,0,0,0,1,-99,1,2,4
1277,4,309,49356,Sudan: Government,2,2002,FALSE,0,0,0,0,0,0,0,0,0,0,0,0,0,0,0,0,1,0,0,1,0,0,1,0,0,0,0,0,0,0,1,0,0,1,1,-99,2,2,5
1552,4,309,49356,Sudan: Government,2,2002,FALSE,1,0,0,0,1,0,0,0,0,0,0,0,0,0,0,0,0,0,0,0,0,0,0,0,0,0,0,0,1,0,0,0,0,0,1,-99,2,3,4
1553,4,309,49356,Sudan: Government,2,2002,FALSE,0,0,0,0,0,0,0,0,1,1,0,1,1,0,0,0,0,0,0,0,0,0,0,0,0,0,0,0,1,0,1,0,0,0,1,-99,2,2,4
1278,4,309,49356,Sudan: Government,2,2003,FALSE,1,1,1,0,1,0,0,0,0,0,0,0,0,0,0,0,1,0,0,0,0,0,1,0,0,0,0,0,1,0,0,0,0,0,1,-99,2,2,1
1310,4,309,49356,Sudan: Government,2,2004,FALSE,0,0,0,0,0,0,0,0,0,0,0,0,0,0,0,0,0,0,1,0,0,0,1,0,0,0,1,1,0,0,0,0,1,0,1,-99,2,2,1
1279,4,309,49356,Sudan: Government,2,2004,FALSE,0,1,0,0,1,0,1,0,1,1,0,1,1,1,0,0,0,1,0,1,0,0,1,0,0,1,1,1,1,0,0,0,1,0,1,-99,2,2,1
1280,4,309,49356,Sudan: Government,2,2004,FALSE,0,1,1,0,1,0,0,0,0,0,0,0,0,0,0,0,1,0,0,0,0,1,1,0,0,1,1,1,0,0,0,0,1,1,1,-99,2,2,1
1281,4,309,49356,Sudan: Government,2,2004,FALSE,0,1,0,0,1,0,0,0,0,0,0,1,1,0,1,0,0,0,0,0,0,0,1,0,0,0,1,1,0,0,0,0,1,0,1,-99,2,2,1
1545,4,309,49356,Sudan: Government,2,2004,FALSE,0,0,0,0,0,0,0,0,0,0,0,0,0,0,0,0,0,0,0,0,0,0,0,0,0,0,0,0,1,0,1,0,0,0,1,-99,2,2,5
1546,4,309,49356,Sudan: Government,2,2004,FALSE,0,0,0,0,0,0,0,0,0,0,0,0,0,0,0,0,0,0,0,0,0,0,0,0,0,0,0,0,1,0,1,0,0,0,1,-99,2,2,5
1543,4,309,49356,Sudan: Government,2,2004,FALSE,0,0,0,0,0,0,0,0,0,0,0,0,0,0,0,0,0,0,0,0,0,0,0,0,0,0,0,0,1,0,0,0,0,0,1,-99,2,2,1
1547,4,309,49356,Sudan: Government,2,2004,FALSE,0,0,0,0,0,0,1,0,1,0,0,1,1,0,0,0,1,0,0,1,0,0,1,0,0,1,1,1,0,0,0,0,0,1,1,-99,2,2,1
1548,4,309,49356,Sudan: Government,2,2004,FALSE,0,0,0,0,0,0,0,0,0,0,0,0,0,0,0,0,1,1,0,0,0,1,1,0,0,1,1,1,0,0,0,0,0,1,1,-99,2,2,1
1549,4,309,49356,Sudan: Government,2,2004,FALSE,0,0,0,0,0,0,1,0,1,0,0,0,1,0,0,0,0,1,0,0,0,1,1,0,0,0,0,0,0,0,0,0,0,1,1,-99,2,2,1
1282,4,309,49356,Sudan: Government,2,2005,FALSE,1,1,1,0,1,0,1,0,1,1,0,1,1,1,1,0,1,1,1,1,0,1,1,0,0,1,1,1,1,0,0,0,1,1,1,-99,2,1,0
1352,4,309,49356,Sudan: Government,2,2005,FALSE,0,1,1,0,1,0,0,0,0,1,0,0,1,0,0,0,0,0,0,0,0,0,0,0,0,0,0,0,0,0,1,0,0,0,1,-99,2,3,1
1351,4,309,49356,Sudan: Government,2,2005,FALSE,1,0,0,0,1,0,0,0,1,1,0,0,1,0,1,0,0,0,0,0,0,0,1,0,0,0,0,0,0,0,0,0,1,1,1,-99,2,1,0
1554,4,309,49356,Sudan: Government,2,2005,FALSE,0,0,0,0,0,0,0,0,0,0,0,0,0,0,0,0,0,0,0,0,0,0,0,0,0,0,0,0,0,0,1,0,1,0,1,-99,1,3,5
1334,4,309,49356,Sudan: Government,2,2006,TRUE,1,1,1,0,1,0,1,1,1,1,0,1,1,0,1,0,1,1,1,1,1,1,1,0,1,1,1,1,1,0,0,1,1,1,1,-99,2,2,0
1430,4,309,49356,Sudan: Government,2,2010,TRUE,1,1,0,0,1,0,1,1,0,0,0,0,1,0,0,0,0,0,0,0,0,0,0,1,1,0,1,1,0,0,1,0,0,0,1,-99,2,3,0
1434,4,309,49356,Sudan: Government,2,2011,TRUE,1,1,1,0,1,1,0,0,0,0,1,0,1,0,0,0,0,0,0,0,0,0,0,0,0,0,0,0,1,0,0,0,0,0,1,-99,2,3,3
1483,4,309,49356,Sudan: Government,2,2014,FALSE,0,0,0,0,0,0,0,0,0,0,1,0,1,0,0,0,0,0,0,0,0,0,0,0,0,0,0,0,0,0,1,0,0,0,1,-99,2,3,4
1542,4,309,49356,Sudan: Government,2,2016,TRUE,0,0,0,0,0,0,0,0,0,0,1,0,1,0,0,0,0,0,0,0,0,0,0,0,0,0,0,0,0,0,1,0,0,1,1,-99,2,3,5
1144,3,395,9163,Tajikistan: Government,2,1995,TRUE,1,0,0,0,1,0,0,0,0,0,0,0,0,0,0,0,0,0,0,0,0,0,0,0,0,0,0,0,0,0,1,0,0,0,1,-99,1,3,5
1147,3,395,9163,Tajikistan: Government,2,1996,FALSE,1,1,1,0,1,1,1,1,1,0,1,0,1,0,0,0,0,0,0,0,0,0,0,1,1,1,1,1,0,0,0,0,0,1,1,-99,1,2,1
1539,3,395,9163,Tajikistan: Government,2,1996,FALSE,0,0,1,0,1,1,1,1,1,0,0,0,1,0,0,0,0,0,1,0,0,0,1,1,1,1,1,1,1,0,0,0,0,1,1,-99,1,2,1
1313,3,395,9163,Tajikistan: Government,2,1997,FALSE,0,0,0,0,0,0,1,1,0,0,0,0,1,0,0,0,0,0,0,0,0,0,0,1,1,0,1,1,0,0,1,0,0,0,1,-99,1,2,4
1312,3,395,9163,Tajikistan: Government,2,1997,FALSE,0,0,0,0,0,0,1,1,1,0,0,0,1,0,0,0,0,0,0,0,0,0,0,1,1,1,1,1,0,0,0,0,0,1,1,-99,1,2,1
1318,3,395,9163,Tajikistan: Government,2,1997,FALSE,0,1,1,0,1,0,0,0,0,0,0,0,0,0,0,0,0,0,0,0,0,0,0,0,0,0,0,0,1,0,0,1,0,1,1,-99,1,2,4
1315,3,395,9163,Tajikistan: Government,2,1997,FALSE,0,0,0,0,0,0,1,1,1,0,0,0,1,0,0,0,0,0,0,0,0,0,0,1,0,0,0,1,1,0,1,0,0,0,1,-99,1,2,1
1317,3,395,9163,Tajikistan: Government,2,1997,FALSE,0,0,1,0,1,1,1,0,0,0,0,0,1,0,0,0,0,0,0,0,0,0,0,1,0,0,1,1,0,0,0,0,0,0,1,-99,1,2,1
1119,3,395,9163,Tajikistan: Government,2,1997,FALSE,1,1,1,0,1,1,1,1,1,1,0,1,1,0,0,0,0,0,0,0,0,0,0,1,1,1,1,1,1,0,1,1,0,1,1,-99,1,1,0
1387,4,314,13810,Uganda: Government,2,1985,TRUE,1,1,0,0,1,0,0,0,1,1,0,0,1,0,0,0,0,0,0,0,0,0,0,0,1,0,0,1,0,0,0,1,1,0,1,-99,1,1,0
1388,4,314,13810,Uganda: Government,2,1988,FALSE,1,1,0,0,1,0,0,0,1,1,0,0,1,0,0,0,0,0,0,0,0,0,0,1,1,0,0,1,0,0,0,0,0,0,1,-99,2,1,0
1145,4,314,13810,Uganda: Government,2,2002,FALSE,0,1,1,0,1,0,0,1,0,0,0,0,1,0,0,0,0,0,1,0,0,0,0,1,0,0,0,1,0,0,0,0,0,0,1,-99,2,2,0
1367,4,314,13810,Uganda: Government,2,2007,TRUE,0,1,0,0,1,0,0,0,0,0,0,0,0,0,0,0,0,0,1,0,0,0,1,0,0,0,1,1,0,0,0,0,1,0,1,-99,2,2,0
1368,4,314,13810,Uganda: Government,2,2007,TRUE,0,0,0,0,0,0,0,0,0,0,0,0,0,0,0,0,0,0,0,0,0,0,0,0,0,1,0,1,0,0,0,0,1,0,1,-99,2,2,0
1377,4,314,13810,Uganda: Government,2,2008,TRUE,0,0,0,0,0,0,0,0,0,0,0,0,0,0,0,0,0,0,0,0,0,0,0,0,0,1,0,1,1,0,0,0,1,0,1,-99,2,2,0
1378,4,314,13810,Uganda: Government,2,2008,TRUE,0,1,1,0,1,0,0,0,0,0,0,0,0,0,0,0,0,0,1,0,0,0,1,0,0,0,1,1,0,0,0,0,1,0,1,-99,2,2,0
1379,4,314,13810,Uganda: Government,2,2008,TRUE,1,0,0,0,1,0,0,0,0,0,0,0,0,0,0,0,0,0,0,0,0,0,0,0,0,0,0,0,0,0,0,0,1,0,1,-99,2,2,0
1380,4,314,13810,Uganda: Government,2,2008,TRUE,0,1,1,0,1,0,0,0,0,0,0,0,0,0,0,0,0,0,0,0,0,0,0,0,0,0,0,0,0,0,0,0,1,0,1,-99,2,2,0
1381,4,314,13810,Uganda: Government,2,2008,TRUE,0,0,0,0,0,0,0,0,0,0,0,0,0,0,0,0,0,0,0,0,0,0,0,0,0,0,0,0,1,0,0,0,1,1,1,-99,2,2,0
1536,1,13246,2021,Ukraine: Donetsk,1,2014,TRUE,1,0,0,1,1,0,0,0,1,0,1,0,1,0,0,0,0,0,1,0,0,1,1,1,1,0,0,1,0,0,0,0,0,0,1,-99,1,2,1
1537,1,13306,3767,Ukraine: Novorossiya,1,2015,FALSE,1,0,0,1,1,0,0,0,1,0,1,0,1,0,0,0,0,0,1,1,0,1,1,1,1,0,0,1,0,0,1,0,0,0,1,-99,1,2,2
1063,1,315,183,United Kingdom: Northern Ireland,1,1998,FALSE,0,0,1,0,1,0,0,0,0,0,0,0,0,1,0,0,1,0,0,1,0,0,1,0,1,1,0,1,0,0,0,0,1,1,1,-99,2,1,0
1535,2,230,21917,Yemen (North Yemen): Government,2,2014,TRUE,1,0,0,1,1,0,1,0,0,0,0,1,1,0,0,0,0,0,0,0,0,0,0,0,0,0,0,0,0,0,1,0,1,1,1,-99,2,2,4
1402,4,318,NA,Zimbabwe (Rhodesia): Government,2,1975,TRUE,0,0,0,0,0,0,0,0,0,0,0,0,0,0,0,0,0,0,0,0,0,0,0,0,0,0,0,0,0,0,1,0,0,0,1,-99,2,3,3
1399,4,318,NA,Zimbabwe (Rhodesia): Government,2,1979,FALSE,1,0,1,0,1,0,0,0,1,0,0,0,1,0,0,1,0,0,0,0,0,0,1,0,1,0,1,1,0,0,0,0,1,0,1,-99,1,1,0
